<?xml version="1.0" encoding="UTF-8"?>
<!DOCTYPE mapper PUBLIC "-//mybatis.org//DTD Mapper 3.0//EN" "http://mybatis.org/dtd/mybatis-3-mapper.dtd">
<mapper namespace="cn.enn.ygego.sunny.order.dao.TakeDetailMapper">
  <resultMap id="BaseResultMap" type="cn.enn.ygego.sunny.order.model.TakeDetail">
    <id column="TAKE_DETAIL_ID" jdbcType="BIGINT" property="takeDetailId" />
    <result column="ITEM_ID" jdbcType="BIGINT" property="itemId" />
    <result column="GOODS_ID" jdbcType="BIGINT" property="goodsId" />
    <result column="MATERIAL_ID" jdbcType="BIGINT" property="materialId" />
    <result column="MATERIAL_NAME" jdbcType="VARCHAR" property="materialName" />
    <result column="MATERIAL_CODE" jdbcType="VARCHAR" property="materialCode" />
    <result column="GOODS_NAME" jdbcType="VARCHAR" property="goodsName" />
    <result column="GOODS_CNT" jdbcType="DECIMAL" property="goodsCnt" />
    <result column="ACTUAL_TAKE_CNT" jdbcType="DECIMAL" property="actualTakeCnt" />
    <result column="SOURCE_BILL_TYPE" jdbcType="TINYINT" property="sourceBillType" />
    <result column="SOURCE_BILL_ID" jdbcType="BIGINT" property="sourceBillId" />
    <result column="SOURCE_BILL_DETAIL_ID" jdbcType="BIGINT" property="sourceBillDetailId" />
    <result column="TAKE_ID" jdbcType="BIGINT" property="takeId" />
  </resultMap>
  <sql id="Example_Where_Clause">
    <where>
      <foreach collection="oredCriteria" item="criteria" separator="or">
        <if test="criteria.valid">
          <trim prefix="(" prefixOverrides="and" suffix=")">
            <foreach collection="criteria.criteria" item="criterion">
              <choose>
                <when test="criterion.noValue">
                  and ${criterion.condition}
                </when>
                <when test="criterion.singleValue">
                  and ${criterion.condition} #{criterion.value}
                </when>
                <when test="criterion.betweenValue">
                  and ${criterion.condition} #{criterion.value} and #{criterion.secondValue}
                </when>
                <when test="criterion.listValue">
                  and ${criterion.condition}
                  <foreach close=")" collection="criterion.value" item="listItem" open="(" separator=",">
                    #{listItem}
                  </foreach>
                </when>
              </choose>
            </foreach>
          </trim>
        </if>
      </foreach>
    </where>
  </sql>
  <sql id="Update_By_Example_Where_Clause">
    <where>
      <foreach collection="example.oredCriteria" item="criteria" separator="or">
        <if test="criteria.valid">
          <trim prefix="(" prefixOverrides="and" suffix=")">
            <foreach collection="criteria.criteria" item="criterion">
              <choose>
                <when test="criterion.noValue">
                  and ${criterion.condition}
                </when>
                <when test="criterion.singleValue">
                  and ${criterion.condition} #{criterion.value}
                </when>
                <when test="criterion.betweenValue">
                  and ${criterion.condition} #{criterion.value} and #{criterion.secondValue}
                </when>
                <when test="criterion.listValue">
                  and ${criterion.condition}
                  <foreach close=")" collection="criterion.value" item="listItem" open="(" separator=",">
                    #{listItem}
                  </foreach>
                </when>
              </choose>
            </foreach>
          </trim>
        </if>
      </foreach>
    </where>
  </sql>
  <sql id="Base_Column_List">
    TAKE_DETAIL_ID, ITEM_ID, GOODS_ID, MATERIAL_ID, MATERIAL_NAME, MATERIAL_CODE, GOODS_NAME, 
    GOODS_CNT, ACTUAL_TAKE_CNT, SOURCE_BILL_TYPE, SOURCE_BILL_ID, SOURCE_BILL_DETAIL_ID, 
    TAKE_ID
  </sql>
  <select id="selectByExample" parameterType="cn.enn.ygego.sunny.order.dao.example.TakeDetailExample" resultMap="BaseResultMap">
    select
    <if test="distinct">
      distinct
    </if>
    <include refid="Base_Column_List" />
    from take_detail
    <if test="_parameter != null">
      <include refid="Example_Where_Clause" />
    </if>
    <if test="orderByClause != null">
      order by ${orderByClause}
    </if>
  </select>
  <select id="selectByPrimaryKey" parameterType="java.lang.Long" resultMap="BaseResultMap">
    select 
    <include refid="Base_Column_List" />
    from take_detail
    where TAKE_DETAIL_ID = #{takeDetailId,jdbcType=BIGINT}
  </select>
  <delete id="deleteByPrimaryKey" parameterType="java.lang.Long">
    delete from take_detail
    where TAKE_DETAIL_ID = #{takeDetailId,jdbcType=BIGINT}
  </delete>
  <delete id="deleteByExample" parameterType="cn.enn.ygego.sunny.order.dao.example.TakeDetailExample">
    delete from take_detail
    <if test="_parameter != null">
      <include refid="Example_Where_Clause" />
    </if>
  </delete>
  <insert id="insert" parameterType="cn.enn.ygego.sunny.order.model.TakeDetail">
    <selectKey keyProperty="takeDetailId" order="AFTER" resultType="java.lang.Long">
      SELECT LAST_INSERT_ID()
    </selectKey>
    insert into take_detail (ITEM_ID, GOODS_ID, MATERIAL_ID, 
      MATERIAL_NAME, MATERIAL_CODE, GOODS_NAME, 
      GOODS_CNT, ACTUAL_TAKE_CNT, SOURCE_BILL_TYPE, 
      SOURCE_BILL_ID, SOURCE_BILL_DETAIL_ID, TAKE_ID
      )
    values (#{itemId,jdbcType=BIGINT}, #{goodsId,jdbcType=BIGINT}, #{materialId,jdbcType=BIGINT}, 
      #{materialName,jdbcType=VARCHAR}, #{materialCode,jdbcType=VARCHAR}, #{goodsName,jdbcType=VARCHAR}, 
      #{goodsCnt,jdbcType=DECIMAL}, #{actualTakeCnt,jdbcType=DECIMAL}, #{sourceBillType,jdbcType=TINYINT}, 
      #{sourceBillId,jdbcType=BIGINT}, #{sourceBillDetailId,jdbcType=BIGINT}, #{takeId,jdbcType=BIGINT}
      )
  </insert>
  <insert id="insertSelective" parameterType="cn.enn.ygego.sunny.order.model.TakeDetail">
    <selectKey keyProperty="takeDetailId" order="AFTER" resultType="java.lang.Long">
      SELECT LAST_INSERT_ID()
    </selectKey>
    insert into take_detail
    <trim prefix="(" suffix=")" suffixOverrides=",">
      <if test="itemId != null">
        ITEM_ID,
      </if>
      <if test="goodsId != null">
        GOODS_ID,
      </if>
      <if test="materialId != null">
        MATERIAL_ID,
      </if>
      <if test="materialName != null">
        MATERIAL_NAME,
      </if>
      <if test="materialCode != null">
        MATERIAL_CODE,
      </if>
      <if test="goodsName != null">
        GOODS_NAME,
      </if>
      <if test="goodsCnt != null">
        GOODS_CNT,
      </if>
      <if test="actualTakeCnt != null">
        ACTUAL_TAKE_CNT,
      </if>
      <if test="sourceBillType != null">
        SOURCE_BILL_TYPE,
      </if>
      <if test="sourceBillId != null">
        SOURCE_BILL_ID,
      </if>
      <if test="sourceBillDetailId != null">
        SOURCE_BILL_DETAIL_ID,
      </if>
      <if test="takeId != null">
        TAKE_ID,
      </if>
    </trim>
    <trim prefix="values (" suffix=")" suffixOverrides=",">
      <if test="itemId != null">
        #{itemId,jdbcType=BIGINT},
      </if>
      <if test="goodsId != null">
        #{goodsId,jdbcType=BIGINT},
      </if>
      <if test="materialId != null">
        #{materialId,jdbcType=BIGINT},
      </if>
      <if test="materialName != null">
        #{materialName,jdbcType=VARCHAR},
      </if>
      <if test="materialCode != null">
        #{materialCode,jdbcType=VARCHAR},
      </if>
      <if test="goodsName != null">
        #{goodsName,jdbcType=VARCHAR},
      </if>
      <if test="goodsCnt != null">
        #{goodsCnt,jdbcType=DECIMAL},
      </if>
      <if test="actualTakeCnt != null">
        #{actualTakeCnt,jdbcType=DECIMAL},
      </if>
      <if test="sourceBillType != null">
        #{sourceBillType,jdbcType=TINYINT},
      </if>
      <if test="sourceBillId != null">
        #{sourceBillId,jdbcType=BIGINT},
      </if>
      <if test="sourceBillDetailId != null">
        #{sourceBillDetailId,jdbcType=BIGINT},
      </if>
      <if test="takeId != null">
        #{takeId,jdbcType=BIGINT},
      </if>
    </trim>
  </insert>
  <select id="countByExample" parameterType="cn.enn.ygego.sunny.order.dao.example.TakeDetailExample" resultType="java.lang.Long">
    select count(*) from take_detail
    <if test="_parameter != null">
      <include refid="Example_Where_Clause" />
    </if>
  </select>
  <update id="updateByExampleSelective" parameterType="map">
    update take_detail
    <set>
      <if test="record.takeDetailId != null">
        TAKE_DETAIL_ID = #{record.takeDetailId,jdbcType=BIGINT},
      </if>
      <if test="record.itemId != null">
        ITEM_ID = #{record.itemId,jdbcType=BIGINT},
      </if>
      <if test="record.goodsId != null">
        GOODS_ID = #{record.goodsId,jdbcType=BIGINT},
      </if>
      <if test="record.materialId != null">
        MATERIAL_ID = #{record.materialId,jdbcType=BIGINT},
      </if>
      <if test="record.materialName != null">
        MATERIAL_NAME = #{record.materialName,jdbcType=VARCHAR},
      </if>
      <if test="record.materialCode != null">
        MATERIAL_CODE = #{record.materialCode,jdbcType=VARCHAR},
      </if>
      <if test="record.goodsName != null">
        GOODS_NAME = #{record.goodsName,jdbcType=VARCHAR},
      </if>
      <if test="record.goodsCnt != null">
        GOODS_CNT = #{record.goodsCnt,jdbcType=DECIMAL},
      </if>
      <if test="record.actualTakeCnt != null">
        ACTUAL_TAKE_CNT = #{record.actualTakeCnt,jdbcType=DECIMAL},
      </if>
      <if test="record.sourceBillType != null">
        SOURCE_BILL_TYPE = #{record.sourceBillType,jdbcType=TINYINT},
      </if>
      <if test="record.sourceBillId != null">
        SOURCE_BILL_ID = #{record.sourceBillId,jdbcType=BIGINT},
      </if>
      <if test="record.sourceBillDetailId != null">
        SOURCE_BILL_DETAIL_ID = #{record.sourceBillDetailId,jdbcType=BIGINT},
      </if>
      <if test="record.takeId != null">
        TAKE_ID = #{record.takeId,jdbcType=BIGINT},
      </if>
    </set>
    <if test="_parameter != null">
      <include refid="Update_By_Example_Where_Clause" />
    </if>
  </update>
  <update id="updateByExample" parameterType="map">
    update take_detail
    set TAKE_DETAIL_ID = #{record.takeDetailId,jdbcType=BIGINT},
      ITEM_ID = #{record.itemId,jdbcType=BIGINT},
      GOODS_ID = #{record.goodsId,jdbcType=BIGINT},
      MATERIAL_ID = #{record.materialId,jdbcType=BIGINT},
      MATERIAL_NAME = #{record.materialName,jdbcType=VARCHAR},
      MATERIAL_CODE = #{record.materialCode,jdbcType=VARCHAR},
      GOODS_NAME = #{record.goodsName,jdbcType=VARCHAR},
      GOODS_CNT = #{record.goodsCnt,jdbcType=DECIMAL},
      ACTUAL_TAKE_CNT = #{record.actualTakeCnt,jdbcType=DECIMAL},
      SOURCE_BILL_TYPE = #{record.sourceBillType,jdbcType=TINYINT},
      SOURCE_BILL_ID = #{record.sourceBillId,jdbcType=BIGINT},
      SOURCE_BILL_DETAIL_ID = #{record.sourceBillDetailId,jdbcType=BIGINT},
      TAKE_ID = #{record.takeId,jdbcType=BIGINT}
    <if test="_parameter != null">
      <include refid="Update_By_Example_Where_Clause" />
    </if>
  </update>
  <update id="updateByPrimaryKeySelective" parameterType="cn.enn.ygego.sunny.order.model.TakeDetail">
    update take_detail
    <set>
      <if test="itemId != null">
        ITEM_ID = #{itemId,jdbcType=BIGINT},
      </if>
      <if test="goodsId != null">
        GOODS_ID = #{goodsId,jdbcType=BIGINT},
      </if>
      <if test="materialId != null">
        MATERIAL_ID = #{materialId,jdbcType=BIGINT},
      </if>
      <if test="materialName != null">
        MATERIAL_NAME = #{materialName,jdbcType=VARCHAR},
      </if>
      <if test="materialCode != null">
        MATERIAL_CODE = #{materialCode,jdbcType=VARCHAR},
      </if>
      <if test="goodsName != null">
        GOODS_NAME = #{goodsName,jdbcType=VARCHAR},
      </if>
      <if test="goodsCnt != null">
        GOODS_CNT = #{goodsCnt,jdbcType=DECIMAL},
      </if>
      <if test="actualTakeCnt != null">
        ACTUAL_TAKE_CNT = #{actualTakeCnt,jdbcType=DECIMAL},
      </if>
      <if test="sourceBillType != null">
        SOURCE_BILL_TYPE = #{sourceBillType,jdbcType=TINYINT},
      </if>
      <if test="sourceBillId != null">
        SOURCE_BILL_ID = #{sourceBillId,jdbcType=BIGINT},
      </if>
      <if test="sourceBillDetailId != null">
        SOURCE_BILL_DETAIL_ID = #{sourceBillDetailId,jdbcType=BIGINT},
      </if>
      <if test="takeId != null">
        TAKE_ID = #{takeId,jdbcType=BIGINT},
      </if>
    </set>
    where TAKE_DETAIL_ID = #{takeDetailId,jdbcType=BIGINT}
  </update>
  <update id="updateByPrimaryKey" parameterType="cn.enn.ygego.sunny.order.model.TakeDetail">
    update take_detail
    set ITEM_ID = #{itemId,jdbcType=BIGINT},
      GOODS_ID = #{goodsId,jdbcType=BIGINT},
      MATERIAL_ID = #{materialId,jdbcType=BIGINT},
      MATERIAL_NAME = #{materialName,jdbcType=VARCHAR},
      MATERIAL_CODE = #{materialCode,jdbcType=VARCHAR},
      GOODS_NAME = #{goodsName,jdbcType=VARCHAR},
      GOODS_CNT = #{goodsCnt,jdbcType=DECIMAL},
      ACTUAL_TAKE_CNT = #{actualTakeCnt,jdbcType=DECIMAL},
      SOURCE_BILL_TYPE = #{sourceBillType,jdbcType=TINYINT},
      SOURCE_BILL_ID = #{sourceBillId,jdbcType=BIGINT},
      SOURCE_BILL_DETAIL_ID = #{sourceBillDetailId,jdbcType=BIGINT},
      TAKE_ID = #{takeId,jdbcType=BIGINT}
    where TAKE_DETAIL_ID = #{takeDetailId,jdbcType=BIGINT}
  </update>
  <select id="selectOneByExample" parameterType="cn.enn.ygego.sunny.order.dao.example.TakeDetailExample" resultMap="BaseResultMap">
    select
    <include refid="Base_Column_List" />
    from take_detail
    <if test="_parameter != null">
      <include refid="Example_Where_Clause" />
    </if>
    <if test="orderByClause != null">
      order by ${orderByClause}
    </if>
    limit 1
  </select>
</mapper>