<beans xmlns="http://www.springframework.org/schema/beans" xmlns:xsi="http://www.w3.org/2001/XMLSchema-instance"
       xmlns:tx="http://www.springframework.org/schema/tx" xmlns:aop="http://www.springframework.org/schema/aop"
       xmlns:context="http://www.springframework.org/schema/context"
       xmlns:rdb="http://www.dangdang.com/schema/ddframe/rdb"
       xsi:schemaLocation="http://www.springframework.org/schema/aop http://www.springframework.org/schema/aop/spring-aop.xsd
		http://www.springframework.org/schema/beans http://www.springframework.org/schema/beans/spring-beans.xsd
		http://www.springframework.org/schema/tx http://www.springframework.org/schema/tx/spring-tx.xsd
		http://www.springframework.org/schema/context http://www.springframework.org/schema/context/spring-context.xsd
        http://www.dangdang.com/schema/ddframe/rdb http://www.dangdang.com/schema/ddframe/rdb/rdb.xsd ">

    <!--扫描service-->
    <!--<context:component-scan base-package="com.eagle.service.impl"></context:component-scan>-->
    <!--加载property文件-->
    <context:property-placeholder location="classpath:spring/server.properties" ignore-unresolvable="true"/>

    <bean id="dataSource" class="com.alibaba.druid.pool.DruidDataSource">

        <property name="driverClassName" value="${datasource.driverClassName}"/>
        <property name="url" value="${datasource.url}"/>
        <property name="username" value="${datasource.username}"/>
        <property name="password" value="${datasource.password}"/>

        <!-- 配置初始化大小、最小、最大 -->
        <property name="initialSize" value="${initialSize}"/>
        <property name="minIdle" value="${minIdle}"/>
        <property name="maxActive" value="${maxActive}"/>

        <!-- 配置获取连接等待超时的时间 -->
        <property name="maxWait" value="${maxWait}"/>

        <!-- 配置间隔多久才进行一次检测，检测需要关闭的空闲连接，单位是毫秒 -->
        <property name="timeBetweenEvictionRunsMillis" value="60000"/>

        <!-- 配置一个连接在池中最小生存的时间，单位是毫秒 -->
        <property name="minEvictableIdleTimeMillis" value="300000"/>

        <property name="validationQuery" value="${validationQuery}"/>
        <property name="testWhileIdle" value="${testWhileIdle}"/>
        <property name="testOnBorrow" value="${testOnBorrow}"/>
        <property name="testOnReturn" value="${testOnReturn}"/>

        <!-- 打开PSCache，并且指定每个连接上PSCache的大小 -->
        <!--<property name="poolPreparedStatements" value="true" />
        <property name="maxPoolPreparedStatementPerConnectionSize" value="20" />-->

        <!-- 配置监控统计拦截的filters -->
        <!--<property name="filters" value="stat" />-->
    </bean>

    <bean id="sessionFactory" class="org.mybatis.spring.SqlSessionFactoryBean">
        <property name="dataSource" ref="dataSource" />
        <property name="mapperLocations" value="classpath*:mappings/*.xml" />
    </bean>

    <bean class="org.mybatis.spring.mapper.MapperScannerConfigurer">
        <property name="basePackage" value="com.enn.ennew.bizservice.business.dao" />
        <property name="sqlSessionFactoryBeanName" value="sessionFactory" />
    </bean>

</beans>